INSERT INTO district (district_id,name) VALUES
(1,"第一"),
(2,"第二"),
(3,"第三"),
(4,"第四"),
(5,"第五"),
(6,"芹田"),
(7,"古牧"),
(8,"三輪"),
(9,"吉田"),
(10,"古里"),
(11,"柳原"),
(12,"浅川"),
(13,"大豆島"),
(14,"朝陽"),
(15,"若槻"),
(16,"長沼"),
(17,"安茂里"),
(18,"小田切"),
(19,"芋井"),
(20,"篠ノ井"),
(21,"松代"),
(22,"若穂"),
(23,"川中島"),
(24,"更北"),
(25,"七二会"),
(26,"信更"),
(27,"豊野"),
(28,"戸隠"),
(29,"鬼無里"),
(30,"大岡"),
(31,"信州新町"),
(32,"中条");

INSERT INTO place (code,name,kana,address,latitude,longitude,district_id) VALUES

(1,"長野市立加茂小学校","ながのしりつかもしょうがっこう","長野県長野市大字西長野185－6",36.65751141,138.17645969999998,1),
(2,"信州大学教育学部グラウンド","しんしゅうだいがくきょういくがくぶぐらうんど","長野県長野市西長野6の口",36.65736035,138.1798011,1),
(3,"ひまわり公園","ひまわりこうえん","長野県長野市大字長野旭町1108-10",36.65470572,138.1824138,1),
(4,"長野市立西部中学校","ながのしりつせいぶちゅうがっこう","長野県長野市新諏訪1－4－1",36.65753298,138.1744533,1),
(5,"長野市立城山小学校","ながのしりつじょうやましょうがっこう","長野県長野市大字長野東之門町404－1",36.65978262,138.1892672,2),
(6,"長野市立柳町中学校","ながのしりつやなぎまちちゅうがっこう","長野県長野市大字三輪1252",36.65575403,138.1982736,2),
(7,"長野県長野高等学校グラウンド","ながのけんながのこうとうがっこうぐらうんど","長野県長野市上松1-16-12",36.66986049,138.19878480000003,2),
(8,"長野市立湯谷小学校","ながのしりつゆやしょうがっこう","長野県長野市上松4－28－38",36.67475432,138.2027299,2),
(9,"城山公園","じょうやまこうえん","長野県長野市箱清水1-7-1",36.66220757,138.1901898,2),
(10,"長野県長野西高等学校","ながのけんながのにしこうとうがっこう","長野県長野市箱清水3-8-5",36.66498565,138.1835511,2),
(11,"長野市立城東小学校","ながのしりつじょうとうしょうがっこう","長野県長野市三輪6－14－30",36.65720562,138.1981675,2),
(12,"多目的（防災）広場","たもくてきぼうさいひろば","長野県長野市大字鶴賀緑町1613",36.64858702,138.19488169999997,3),
(13,"長野市芸術館","ながのしげいじゅつかん","長野県長野市大字鶴賀緑町1613",36.64858702,138.19488169999997,3),
(14,"長野市立鍋屋田小学校","ながのしりつなべやたしょうがっこう","長野県長野市大字鶴賀上千歳町1365－2",36.65003301,138.1896428,3),
(15,"長野県長野商業高等学校","ながのけんながのしょうぎょうこうとうがっこう","長野県長野市妻科243",36.65545268,138.1763165,4),
(16,"県庁本館北側広場（憩いの広場）","けんちょうほんかんきたがわひろば（いこいのひろば）","長野県長野市南長野字幅下692-2",36.65081333,138.1813966,4),
(17,"後町ホール（中部公民館分室）","ごちょうほーる（ちゅうぶこうみんかんぶんしつ）","長野県長野市大字南長野西後町614-1",36.65187574,138.18557280000002,4),
(18,"長野県立大学後町キャンパス運動場","ながのけんりつだいがくごちょうきゃんぱすうんどうじょう","長野県長野市大字南長野西後町614-1",36.65220562,138.1851164,4),
(19,"長野市立山王小学校","ながのしりつさんのうしょうがっこう","長野県長野市大字中御所30－1",36.64701636,138.1811709,5),
(20,"長野市立裾花小学校","ながのしりつすそばなしょうがっこう","長野県長野市中御所5－6－1",36.63189732,138.1811305,5),
(21,"長野市立犀陵中学校","ながのしりつさいりょうちゅうがっこう","長野県長野市大字川合新田202－1",36.62424863,138.2114259,6),
(22,"文化学園長野中学・高等学校グラウンド","ぶんかがくえんながのちゅうがく・こうとうがっこうぐらうんど","長野県長野市上千田141",36.63291706,138.2028106,6),
(23,"長野市立芹田小学校","ながのしりつせりたしょうがっこう","長野県長野市大字栗田16－2",36.63332325,138.19968899999998,6),
(24,"長野市立南部小学校","ながのしりつなんぶしょうがっこう","長野県長野市大字鶴賀550－１",36.64065717,138.20066709999998,6),
(25,"教育センター","きょういくせんたー","長野県長野市大字鶴賀550-2",36.64118888,138.1992556,6),
(26,"若里公園","わかさとこうえん","長野県長野市若里1-1-50",36.63495212,138.1878044,6),
(27,"信州大学工学部運動場","しんしゅうだいがくこうがくぶうんどうじょう","長野県長野市若里4-17-1",36.62969851,138.1884666,6),
(28,"長野駅東口公園","ながのえきひがしぐちこうえん","長野県長野市大字栗田973番地１",36.64135033,138.19224419999998,6),
(29,"長野市立三陽中学校","ながのしりつさんようちゅうがっこう","長野県長野市大字高田1607",36.64443825,138.22648080000002,7),
(30,"長野市立緑ケ丘小学校","ながのしりつみどりがおかしょうがっこう","長野県長野市大字高田2281",36.64066468,138.223369,7),
(31,"長野市立古牧小学校","ながのしりつこまきしょうがっこう","長野県長野市大字高田619－2",36.6476011,138.2188515,7),
(32,"長野市立櫻ケ岡中学校","ながのしりつさくらがおかちゅうがっこう","長野県長野市大字高田932",36.64484659,138.2047019,7),
(33,"三重公園","さんじゅうこうえん","長野県長野市大字高田487",36.65015,138.2125083,7),
(34,"長野日本大学中学・高等学校第１グラウンド","ながのにほんだいがくちゅうがく・こうとうがっこうだいいちぐらうんど","長野県長野市大字東和田字中道253-3",36.65789149,138.22222209999998,7),
(35,"和田公園","わだこうえん","長野県長野市西和田2-26-1",36.65746885,138.2164804,7),
(36,"長野市立三輪小学校","ながのしりつみわしょうがっこう","長野県長野市三輪8－3－2",36.66259516,138.20281310000001,8),
(37,"三輪体育館","みわたいいくかん","長野県長野市三輪8-43-17",36.66460555,138.1968611,8),
(38,"美和公園","みわこうえん","長野県長野市三輪8-50",36.66617471,138.2022676,8),
(39,"長野県立大学三輪キャンパス","ながのけんりつだいがくみわきゃんぱす","長野県長野市三輪8-49-7",36.665966,138.20052900000002,8),
(40,"長野県長野吉田高等学校第１グラウンド","ながのけんながのよしだこうとうがっこうだいいちぐらうんど","長野県長野市吉田2-12-9",36.67124606,138.2141063,9),
(41,"長野市立吉田小学校","ながのしりつよしだしょうがっこう","長野県長野市吉田3－12－12",36.66936777,138.2216355,9),
(42,"長野運動公園","ながのうんどうこうえん","長野県長野市吉田5－1－19",36.66090267,138.23128400000002,9),
(43,"長野市立東部中学校","ながのしりつとうぶちゅうがっこう","長野県長野市桐原2－8－1",36.66432744,138.2184928,9),
(44,"長野市立古里小学校","ながのしりつふるさとしょうがっこう","長野県長野市大字金箱439－2",36.67655554,138.2458407,10),
(45,"北部スポーツ・レクリエーションパーク","ほくぶすぽーつ・れくりえーしょんぱーく","長野県長野市大字三才1981-1",36.68931944,138.24286669999998,10),
(46,"長野市立柳原小学校","ながのしりつやなぎはらしょうがっこう","長野県長野市大字小島702",36.66536758,138.2543443,11),
(47,"長野市立浅川小学校","ながのしりつあさかわしょうがっこう","長野県長野市浅川東条337",36.68189607,138.2038613,12),
(48,"長野市立北部中学校","ながのしりつほくぶちゅうがっこう","長野県長野市屋敷田389",36.68208162,138.2126035,12),
(49,"長野市立大豆島小学校","ながのしりつまめじましょうがっこう","長野県長野市大字大豆島1004－2",36.63168634,138.2273142,13),
(50,"大豆島公民館","まめじまこうみんかん","長野県長野市大字大豆島1054-１",36.63136388,138.2253222,13),
(51,"大豆島体育館","まめじまたいいくかん","長野県長野市大字大豆島1144-1",36.63360555,138.2283861,13),
(52,"大豆島公園","まめじまこうえん","長野県長野市大字大豆島1063-1",36.63089446,138.2272381,13),
(53,"長野県長野東高等学校","ながのけんながのひがしこうとうがっこう","長野県長野市大字大豆島2743-1",36.63921192,138.2443478,13),
(54,"東部浄化センター４階会議室","とうぶじょうかせんたー４かいかいぎしつ","長野県長野市大字大豆島4330",36.62919632,138.2412842,13),
(55,"長野市立朝陽小学校","ながのしりつあさひしょうがっこう","長野県長野市大字北長池1406",36.65314539,138.24290969999998,14),
(56,"長野市オリンピック記念アリーナ（エムウェーブ）","ながのしおりんぴっくきねんありーな（えむうぇーぶ）","長野県長野市大字北長池195",36.64132473,138.2407968,14),
(57,"長野県長野盲学校","ながのけんながのもうがっこう","長野県長野市北尾張部321",36.65635264,138.23871069999998,14),
(58,"信州大学教育学部附属長野中学校","しんしゅうだいがくきょういくがくぶふぞくながのちゅうがっこう","長野県長野市大字南堀109",36.66370402,138.24616609999998,14),
(59,"信州大学教育学部附属長野小学校","しんしゅうだいがくきょういくがくぶふぞくながのしょうがっこう","長野県長野市大字南堀77-1",36.66321111,138.2488639,14),
(60,"長野市立長野中学校・高等学校","ながのいちりつながのちゅうがっこう・こうとうがっこう","長野県長野市大字徳間1133",36.680361600000005,138.2350094,15),
(61,"長野市立徳間小学校","ながのしりつとくましょうがっこう","長野県長野市大字徳間570",36.67640238,138.22781369999998,15),
(62,"長野工業高等専門学校グラウンド","ながのこうぎょうこうとうせんもんがっこうぐらうんど","長野県長野市大字徳間716",36.67690333,138.23389469999998,15),
(63,"長野市立若槻小学校","ながのしりつわかつきしょうがっこう","長野県長野市大字若槻東条810",36.68614735,138.22453000000002,15),
(64,"昭和の森公園フィットネスセンター","しょうわのもりこうえんふぃっとねすせんたー","長野県長野市上野2-120-13",36.68537499,138.2348667,15),
(65,"昭和の森公園","しょうわのもりこうえん","長野県長野市上野2-120-13",36.68532037,138.2352768,15),
(66,"長野市立東北中学校","ながのしりつとうほくちゅうがっこう","長野県長野市大字大町945",36.67662084,138.2596909,16),
(67,"穂保高台避難公園","ほやすたかだいひなんこうえん","長野県長野市大字穂保573-1",36.68399444,138.2649472,16),
(68,"長野市立長沼小学校","ながのしりつながぬましょうがっこう","長野県長野市大字津野191",36.68875291,138.2670074,16),
(69,"長野市立安茂里小学校","ながのしりつあもりしょうがっこう","長野県長野市大字安茂里1158",36.639131899999995,138.17100449999998,17),
(70,"長野市立裾花中学校","ながのしりつすそばなちゅうがっこう","長野県長野市大字安茂里2069",36.63378871,138.1759983,17),
(71,"裾花体育館","ながのしえいすそばなたいいくかん","長野県長野市大字安茂里1778－1",36.63680977,138.17242030000003,17),
(72,"長野市立松ヶ丘小学校","ながのしりつまつがおかしょうがっこう","長野県長野市安茂里小市2－20－1",36.62678233,138.1434467,17),
(73,"安茂里体育館","ながのしえいあもりたいいくかん","長野県長野市安茂里小市3－27－11",36.62301355,138.142548,17),
(74,"犀川緑地","さいがわりょくち","長野県長野市大字安茂里（河川敷）",36.62513611,138.1760861,17),
(75,"長野県長野工業高等学校","ながのけんながのこうぎょうこうとうがっこう","長野県長野市差出南3-9-1",36.628175,138.1743111,17),
(76,"旧小田切小学校（青少年錬成センター分館）","きゅうおたぎりしょうがっこう（せいしょうねんれんせいせんたーぶんかん）","長野県長野市大字山田中2574",36.644186,138.1191015,18),
(77,"アゼィリア飯綱","あぜぃりあいいづな","長野県長野市大字上ヶ屋2471－79",36.70119327,138.1364764,19),
(78,"長野市立芋井小学校第一分校（休校中）","ながのしりついもいしょうがっこうだいいちぶんこう（きゅうこうちゅう）","長野県長野市大字入山753",36.67964066,138.120348,19),
(79,"旧芋井中学校","きゅういもいちゅうがっこう","長野県長野市大字桜600－6",36.67840468,138.14950969999998,19),
(80,"長野市立芋井小学校","ながのしりついもいしょうがっこう","長野県長野市大字桜600－6",36.67917161,138.1493272,19),
(81,"長野市立篠ノ井西中学校","ながのしりつしののいにしちゅうがっこう","長野県長野市篠ノ井布施五明380",36.57708136,138.13262580000003,20),
(82,"長野県篠ノ井高等学校","ながのけんしののいこうとうがっこう","長野県長野市篠ノ井布施高田1161－2",36.58340499,138.1417054,20),
(83,"長野県更級農業高等学校","ながのけんさらしなのうぎょうこうとうがっこう","長野県長野市篠ﾉ井布施高田200",36.5783193,138.1505445,20),
(84,"長野市立通明小学校","ながのしりつつうめいしょうがっこう","長野県長野市篠ノ井御幣川270",36.57200787,138.1383125,20),
(85,"篠ノ井支所前","しののいししょまえ","長野県長野市篠ノ井御幣川281-1",36.57327777,138.13856940000002,20),
(86,"長野俊英高等学校","ながのしゅんえいこうとうがっこう","長野県長野市篠ﾉ井御幣川1045",36.56984053,138.14408559999998,20),
(87,"篠ノ井中央公園","しののいちゅうおうこうえん","長野県長野市篠ﾉ井会716",36.5738723,138.1517623,20),
(88,"塩崎体育館","ながのしえいしおざきたいいくかん","長野県長野市篠ノ井塩崎5268",36.5576335,138.1176871,20),
(89,"長野市立塩崎小学校","ながのしりつしおざきしょうがっこう","長野県長野市篠ノ井塩崎3333",36.55102733,138.11555280000002,20),
(90,"小松原体育館","ながのしえいこまつばらたいいくかん","長野県長野市篠ノ井小松原1056－2",36.61426091,138.13583899999998,20),
(91,"長野市立共和小学校","ながのしりつきょうわしょうがっこう","長野県長野市篠ノ井小松原600",36.60045156,138.1361585,20),
(92,"専門学校　長野自動車大学校　北側校庭","せんもんがっこうながのじどうしゃだいがっこうきたがわこうてい","長野県長野市篠ﾉ井小松原2240-1",36.60032785,138.1303567,20),
(93,"篠ノ井体育館","ながのしえいしののいたいいくかん","長野県長野市篠ノ井岡田2059－1",36.58597356,138.1308477,20),
(94,"長野市立篠ノ井西小学校","ながのしりつしののいにししょうがっこう","長野県長野市篠ノ井二ツ柳488",36.57241001,138.1255606,20),
(95,"長野市立篠ノ井東中学校","ながのしりつしののいひがしちゅうがっこう","長野県長野市篠ノ井小森840",36.57177817,138.1569337,20),
(96,"南部勤労青少年ホーム","なんぶきんろうせいしょうねんほーむ","長野県長野市篠ﾉ井小森578",36.57619859,138.1582871,20),
(97,"長野市立篠ノ井東小学校","ながのしりつしののいひがししょうがっこう","長野県長野市篠ノ井東福寺1538",36.57936078,138.1777269,20),
(98,"長野県消防学校","ながのけんしょうぼうがっこう","長野県長野市篠ﾉ井東福寺2375-1",36.57113996,138.175073,20),
(99,"南長野運動公園","みなみながのうんどうこうえん","長野県長野市篠ﾉ井東福寺320",36.5805352,138.167282,20),
(100,"長野市立信里小学校","ながのしりつのぶさとしょうがっこう","長野県長野市篠ノ井有旅3692",36.59023192,138.1020254,20),
(101,"篠ノ井村山健康スポーツセンター","ながのしえいしののいむらやまけんこうすぽーつせんたー","長野県長野市篠ノ井山布施8282",36.61554332,138.0955615,20),
(102,"合戦場公園","かっせんばこうえん","長野県長野市合戦場2-17",36.58029865,138.15757480000002,20),
(103,"長野市立松代小学校","ながのしりつまつしろしょうがっこう","長野県長野市松代町松代205－1",36.56375193,138.1952094,21),
(104,"長野市立松代中学校","ながのしりつまつしろちゅうがっこう","長野県長野市松代町松代207",36.56868211,138.19899640000003,21),
(105,"松代城公園","まつしろじょうこうえん","長野県長野市松代町松代35",36.56597757,138.19619709999998,21),
(106,"長野市立清野小学校","ながのしりつきよのしょうがっこう","長野県長野市松代町清野64",36.56233963,138.1743128,21),
(107,"長野市立西条小学校","ながのしりつにしじょうしょうがっこう","長野県長野市松代町西条4",36.54908949,138.19938280000002,21),
(108,"長野県松代高等学校","ながのけんりつまつしろこうとうがっこう","長野県長野市松代町西条4065",36.55456747,138.2055017,21),
(109,"松代体育館","まつしろたいいくかん","長野県長野市松代町西条3838",36.5530522,138.2027866,21),
(110,"青垣公園","あおがきこうえん","長野県長野市松代町西条3837",36.55371666,138.2025333,21),
(111,"長野市立豊栄小学校","ながのしりつとよさかしょうがっこう","長野県長野市松代町豊栄2787",36.54297827,138.23032890000002,21),
(112,"長野市立東条小学校","ながのしりつひがしじょうしょうがっこう","長野県長野市松代町東条2427",36.56234944,138.2127257,21),
(113,"長野市立寺尾小学校","ながのしりつてらおしょうがっこう","長野県長野市松代町柴260",36.59226352,138.19948119999998,21),
(114,"長野県農業大学校","ながのけんりつながのけんのうぎょうだいがっこう","長野県長野市松代町大室3700",36.58454314,138.2215646,21),
(115,"長野市立綿内小学校","ながのしりつわたうちしょうがっこう","長野県長野市若穂綿内6656",36.62198196,138.2615391,22),
(116,"長野市立川田小学校","ながのしりつかわだしょうがっこう","長野県長野市若穂川田2020",36.60379219,138.2409676,22),
(117,"長野市立若穂中学校","ながのしりつわかほちゅうがっこう","長野県長野市若穂川田503",36.60529971,138.2508194,22),
(118,"若穂中央公園","わかほちゅうおうこうえん","長野県長野市若穂川田427-1",36.60561484,138.25039219999996,22),
(119,"長野市立保科小学校","ながのしりつほしなしょうがっこう","長野県長野市若穂保科2646",36.58718263,138.2655248,22),
(120,"長野市立川中島中学校","ながのしりつかわなかじまちゅうがっこう","長野県長野市川中島町今井1360",36.60187784,138.1527932,23),
(121,"川中島町公民館","ながのしかわなかじままちこうみんかん","長野県長野市川中島町今井1762－1",36.5992017,138.1567632,23),
(122,"長野市立昭和小学校","ながのしりつしょうわしょうがっこう","長野県長野市川中島町今井1865",36.59175316,138.1533134,23),
(123,"ドリームモータースクール昭和","どりーむもーたーすくーるしょうわ","長野県長野市川中島町原639",36.5837814,138.1510771,23),
(124,"御厨公園","みくりやこうえん","長野県長野市川中島町御厨562",36.59326132,138.16299569999998,23),
(125,"川中島体育館","ながのしえいかわなかじまたいいくかん","長野県長野市川中島町上氷鉋17－1",36.60479475,138.15559240000002,23),
(126,"長野市立川中島小学校","ながのしりつかわなかじましょうがっこう","長野県長野市川中島町上氷鉋172",36.60953191,138.1521804,23),
(127,"氷鉋公園","ひがのこうえん","長野県長野市川中島町上氷鉋747-1",36.60948631,138.1623168,23),
(128,"三本柳中央公園","さんぼんやなぎちゅうおうこうえん","長野県長野市三本柳西1-71",36.61841111,138.1640139,23),
(129,"長野市立青木島小学校","ながのしりつあおきじましょうがっこう","長野県長野市青木島町大塚1394",36.61335236,138.18507169999998,24),
(130,"長野市立更北中学校","ながのしりつこうほくちゅうがっこう","長野県長野市青木島町大塚51",36.60491342,138.19208380000003,24),
(131,"長野市立真島小学校","ながのしりつましましょうがっこう","長野県長野市真島町真島1425",36.60624869,138.2088211,24),
(132,"アクアパル千曲運動広場","あくあぱるちくまうんどうひろば","長野県長野市真島町川合1060-1",36.61113901,138.22111840000002,24),
(133,"川中島古戦場史跡公園","かわなかじまこせんじょうしせきこうえん","長野県長野市小島田町1384-1",36.59027143,138.18795,24),
(134,"長野市立下氷鉋小学校","ながのしりつしもひがのしょうがっこう","長野県長野市稲里町下氷鉋50",36.60077935,138.1769493,24),
(135,"長野市立広徳中学校","ながのしりつこうとくちゅうがっこう","長野県長野市稲里町田牧1355－1",36.59256568,138.1720717,24),
(136,"長野県長野南高等学校","ながのけんりつながのみなみこうとうがっこう","長野県長野市稲里町田牧236－2",36.59871647,138.177849,24),
(137,"長野市立三本柳小学校","ながのしりつさんぼんやなぎしょうがっこう","長野県長野市三本柳東2－1",36.61871425,138.1663188,24),
(138,"長野市立七二会小学校","ながのしりつなにあいしょうがっこう","長野県長野市七二会丁220",36.62764024,138.0787205,25),
(139,"長野市立七二会中学校","ながのしりつなにあいちゅうがっこう","長野県長野市七二会丁227",36.62896863,138.0790582,25),
(140,"長野市立七二会小学校笹平分校（休校中）","ながのしりつなにあいしょうがっこうささだいらぶんこう（きゅうこうちゅう）","長野県長野市七二会己14－4",36.61119488,138.0831126,25),
(141,"長野市立信更小学校（旧信田小学校）","ながのしりつしんこうしょうがっこう（きゅうのぶたしょうがっこう）","長野県長野市信更町田野口1082",36.56288404,138.0770267,26),
(142,"長野市立信更中学校","ながのしりつしんこうちゅうがっこう","長野県長野市信更町氷ノ田3273",36.57117459,138.0683003,26),
(143,"星空の郷たかの（/信更公民館分室）","ほしぞらのさとたかの","長野県長野市信更町高野1590",36.54874024,138.0348477,26),
(144,"長野市信更公民館分室（/星空の郷たかの）","ながのししんこうこうみんかんぶんしつ","長野県長野市信更町高野1590",36.54874024,138.0348477,26),
(145,"旧更府小学校","きゅうこうふしょうがっこう","長野県長野市信更町上尾2200",36.58152436,138.0564971,26),
(146,"長野市立豊野西小学校","ながのしりつとよのにししょうがっこう","長野県長野市豊野町石1880",36.70890775,138.2632965,27),
(147,"長野市立豊野公民館","ながのしりつとよのこうみんかん","長野県長野市豊野町豊野612-8",36.71231634,138.28113390000001,27),
(148,"長野市立豊野中学校","ながのしりつとよのちゅうがっこう","長野県長野市豊野町豊野814",36.71286009,138.28241930000002,27),
(149,"豊野体育館","ながのしえいとよのたいいくかん","長野県長野市豊野町豊野624",36.71231933,138.2816947,27),
(150,"豊野東部地区集会所","とよのとうぶちくしゅうかいじょ","長野県長野市豊野町蟹沢2758",36.72163507,138.30449299999998,27),
(151,"長野市立豊野東小学校","ながのしりつとよのひがししょうがっこう","長野県長野市豊野町大倉2213",36.72817618,138.2936054,27),
(152,"越水生活センター","こしみずせいかつせんたー","長野県長野市戸隠3648－2",36.75018601,138.0856121,28),
(153,"戸隠中社公会堂","とがくしちゅうしゃこうかいどう","長野県長野市戸隠3422－1",36.7388369,138.0852177,28),
(154,"宝光社振興館","ほうこうしゃしんこうかん","長野県長野市戸隠2174－1",36.72935949,138.0769066,28),
(155,"長野県長野吉田高等学校戸隠分校","ながのけんながのよしだこうとうがっこうとがくしぶんこう","長野県長野市戸隠1491",36.72776278,138.07891740000002,28),
(156,"上楠川文化センター","かみくすがわぶんかせんたー","長野県長野市戸隠870－１",36.72655796,138.0655081,28),
(157,"戸隠交流促進施設（そばの里二番館）","とがくしこうりゅうそくしんしせつ（そばのさとにばんかん）","長野県長野市戸隠1584",36.72748611,138.077,28),
(158,"下楠川生活改善センター","しもくすがわせいかつかいぜんせんたー","長野県長野市戸隠豊岡7541",36.70729459,138.0767161,28),
(159,"西部区活性化促進センター","せいぶくかっせいかそくしんせんたー","長野県長野市戸隠豊岡8254",36.70142472,138.072794,28),
(160,"奈良尾公会堂","ならおこうかいどう","長野県長野市戸隠豊岡9027",36.69922728,138.07158330000001,28),
(161,"母袋公会堂","もたいこうかいどう","長野県長野市戸隠豊岡9473－ロ",36.70079928,138.06612130000002,28),
(162,"川下生活改善センター","かわしもせいかつかいぜんせんたー","長野県長野市戸隠豊岡4785",36.67175894,138.0981954,28),
(163,"川手区活性化支援センター（川手記念館）","かわてくかっせいかしえんせんたー（かわてきねんかん）","長野県長野市戸隠豊岡6054－2",36.67531833,138.078288,28),
(164,"日照田生活改善センター","ひでりだせいかつかいぜんせんたー","長野県長野市戸隠豊岡6087－2",36.67674743,138.07903249999998,28),
(165,"折橋公会堂","おりはしこうかいどう","長野県長野市戸隠豊岡6985",36.68865331,138.08000149999998,28),
(166,"和沢生活改善センター","わさわせいかつかいぜんせんたー","長野県長野市戸隠豊岡2251－4",36.70279426,138.0918455,28),
(167,"中村公会堂","なかむらこうかいどう","長野県長野市戸隠豊岡2488",36.70233287,138.0955909,28),
(168,"中耕生活改善センター","なこうせいかつかいぜんせんたー","長野県長野市戸隠豊岡10328－1",36.70220767,138.10150869999998,28),
(169,"銚子口生活改善センター","ちょうしぐちせいかつかいぜんせんたー","長野県長野市戸隠豊岡10392－4",36.69445123,138.1054018,28),
(170,"長野市立戸隠中学校","ながのしりつとがくしちゅうがっこう","長野県長野市戸隠豊岡2960",36.6997814,138.0937393,28),
(171,"横道公会堂","よこみちこうかいどう","長野県長野市戸隠豊岡3146－3",36.69637807,138.0882011,28),
(172,"上楡木生活改善センター","かみにれぎせいかつかいぜんせんたー","長野県長野市戸隠豊岡3301－4",36.6949993,138.08700969999998,28),
(173,"東原生活改善センター","ひがしはらせいかつかいぜんせんたー","長野県長野市戸隠豊岡4166",36.6889934,138.0960709,28),
(174,"猿丸生活改善センター","さるまるせいかつかいぜんせんたー","長野県長野市戸隠豊岡4494－1",36.68371521,138.09669419999997,28),
(175,"二条生活改善センター","にじょうせいかつかいぜんせんたー","長野県長野市戸隠豊岡1226－5",36.70642873,138.0866096,28),
(176,"中央生活改善センター","ちゅうおうせいかつかいぜんせんたー","長野県長野市戸隠豊岡1533－7",36.70291091,138.0885051,28),
(177,"戸隠農村環境改善センター","とがくしのうそんかんきょうかいぜんせんたー","長野県長野市戸隠豊岡1550－1",36.70224152,138.08885159999997,28),
(178,"原生活改善センター","はらせいかつかいぜんせんたー","長野県長野市戸隠豊岡336－4",36.70880959,138.0957503,28),
(179,"尾上生活改善センター","おかみせいかつかいぜんせんたー","長野県長野市戸隠豊岡779－イ",36.71111761,138.088495,28),
(180,"馬場生活改善センター","ばばせいかつかいぜんせんたー","長野県長野市戸隠豊岡1521-2",36.70387803,138.0908457,28),
(181,"長野市立戸隠小学校","ながのしりつとがくししょうがっこう","長野県長野市戸隠豊岡1531",36.70345435,138.08900309999999,28),
(182,"長野市立戸隠公民館","ながのしりつとがくしこうみんかん","長野県長野市戸隠栃原4789",36.67662228,138.0675456,28),
(183,"戸隠体育館","ながのしえいとがくしたいいくかん","長野県長野市戸隠栃原4788－2",36.67646743,138.06820190000002,28),
(184,"清水集会所","しみずしゅうかいじょ","長野県長野市戸隠栃原3103－2",36.68264369,138.0687154,28),
(185,"平多目的集会所","たいらたもくてきしゅうかいじょ","長野県長野市戸隠栃原2549－1",36.68679675,138.06905559999998,28),
(186,"解藁神社（町組集会所）","ときわらじんじゃ（まちくみしゅうかいじょ）","長野県長野市戸隠栃原2710－1",36.68845278,138.0714509,28),
(187,"今井公会堂","いまいこうかいどう","長野県長野市戸隠栃原1162",36.69483758,138.0672058,28),
(188,"福平生活改善センター","ふくだいらせいかつかいぜんせんたー","長野県長野市戸隠栃原1912－4",36.68926501,138.0640566,28),
(189,"五十土生活改善センター","いかずちせいかつかいぜんせんたー","長野県長野市戸隠栃原5276",36.68570145,138.0625339,28),
(190,"笹原公会堂","ささはらこうかいどう","長野県長野市戸隠栃原5983",36.68709884,138.05542930000001,28),
(191,"田頭改善センター","たがしらかいぜんせんたー","長野県長野市戸隠栃原7084",36.68160647,138.0530239,28),
(192,"西条公民館","にしじょうこうみんかん","長野県長野市戸隠栃原7532",36.68123034,138.05799069999998,28),
(193,"追通生活改善センター","おっかようせいかつかいぜんせんたー","長野県長野市戸隠栃原8868－1",36.67455077,138.05330930000002,28),
(194,"志垣生活改善センター","しがきせいかつかいぜんせんたー","長野県長野市戸隠栃原4144－2",36.67351577,138.07433390000003,28),
(195,"倉平生活改善センター","くらだいらせいかつかいぜんせんたー","長野県長野市戸隠栃原249－1",36.68491381,138.0767191,28),
(196,"戸隠裾花デイサービスセンター","とがくしすそばなでいさーびすせんたー","長野県長野市戸隠栃原9246-1",36.67218055,138.04815559999997,28),
(197,"柵運動場","しがらみうんどうじょう","長野県長野市戸隠栃原3391-2",36.67766265,138.06788980000002,28),
(198,"針立組集会所","はりだちくみしゅうかいじょ","長野県長野市戸隠栃原2019-ロ",36.69151388,138.06822780000002,28),
(199,"上祖山振興館","かみそやましんこうかん","長野県長野市戸隠祖山5704－1",36.66736655,138.05787450000003,28),
(200,"西部公会堂","せいぶこうかいどう","長野県長野市戸隠祖山6999－2",36.67014461,138.0503763,28),
(201,"上組公会堂","かみぐみこうかいどう","長野県長野市戸隠祖山5219－2",36.66556082,138.0619148,28),
(202,"土合生活改善センター","どあいせいかつかいぜんせんたー","長野県長野市戸隠祖山270－1",36.67108991,138.07841169999998,28),
(203,"下祖山公民館","しもそやまこうみんかん","長野県長野市戸隠祖山1055－1",36.66898403,138.08840590000003,28),
(204,"下内振興館","しもうちしんこうかん","長野県長野市戸隠祖山1717－1",36.66907899,138.0916987,28),
(205,"坪山ふれあいセンター","つぼやまふれあいせんたー","長野県長野市戸隠祖山2424－3",36.66280592,138.09663799999998,28),
(206,"ふるさとセンター","ふるさとせんたー","長野県長野市戸隠祖山31－1",36.67198732,138.0778976,28),
(207,"山大公民館","やまだいこうみんかん","長野県長野市鬼無里4959－1",36.7020341,138.027489,29),
(208,"大沢集会所","おおさわしゅうかいじょ","長野県長野市鬼無里4158－1",36.69693827,138.02213380000003,29),
(209,"峯地区公民館","みねちくこうみんかん","長野県長野市鬼無里5925",36.71507329,138.036326,29),
(210,"品沢高原体育館","しなざわこうげんたいいくかん","長野県長野市鬼無里6770－17",36.73297417,138.03654730000002,29),
(211,"鬼無里公民館上里分館","きなさこうみんかんじょうりぶんかん","長野県長野市鬼無里7420－1",36.71219239,138.0224126,29),
(212,"上里健康スポーツセンター","じょうりけんこうすぽーつせんたー","長野県長野市鬼無里7395",36.71205069,138.02199119999997,29),
(213,"坂屋公民館","さかやこうみんかん","長野県長野市鬼無里8643－ｲ",36.707607200000005,138.01878059999999,29),
(214,"新井公民館","あらいこうみんかん","長野県長野市鬼無里8826－ｲ",36.70633468,138.0186793,29),
(215,"財又公民館","さいまたこうみんかん","長野県長野市鬼無里9294－1",36.70339562,138.01430569999997,29),
(216,"美里集会所","みさとしゅうかいじょ","長野県長野市鬼無里10817－1",36.69444192,138.0083949,29),
(217,"小鬼無里公民館","おぎなさこうみんかん","長野県長野市鬼無里11493－3",36.68956833,138.00701719999998,29),
(218,"新倉地区公民館","あらくらちくこうみんかん","長野県長野市鬼無里2546－1",36.6810311,138.0107723,29),
(219,"上新倉公民館","かみあらくらこうみんかん","長野県長野市鬼無里3694－2",36.68498615,138.015366,29),
(220,"町区公民館","まちくこうみんかん","長野県長野市鬼無里309－3",36.68210095,138.00365269999998,29),
(221,"東町公民館","ひがしまちこうみんかん","長野県長野市鬼無里2940",36.68557343,138.00839330000002,29),
(222,"鬼無里公民館","きなさこうみんかん","長野県長野市鬼無里207－4",36.68052989,138.0055594,29),
(223,"鬼無里老人福祉センター","きなさろうじんふくしせんたー","長野県長野市鬼無里160－3",36.68056237,138.0032106,29),
(224,"鬼無里高齢者生活福祉センター","きなさこうれいしゃせいかつふくしせんたー","長野県長野市鬼無里160－4",36.68040121,138.0034682,29),
(225,"長野市立鬼無里小学校・鬼無里中学校","ながのしりつきなさしょうがっこう・きなさちゅうがっこう","長野県長野市鬼無里77",36.67899251,138.0047084,29),
(226,"松原公民館","まつばらこうみんかん","長野県長野市鬼無里12615",36.67934185,137.99152819999998,29),
(227,"東京公民館","ひがしきょうこうみんかん","長野県長野市鬼無里14163－1",36.68840059,137.966413,29),
(228,"鬼無里公民館両京分館","きなさこうみんかんりょうきょうぶんかん","長野県長野市鬼無里13994－１",36.68570229,137.9670519,29),
(229,"鬼無里運動場","きなさうんどうじょう","長野県長野市鬼無里150",36.67956689,138.0040571,29),
(230,"鬼無里屋内運動場","きなさおくないうんどうじょう","長野県長野市鬼無里147-8",36.67855443,138.004836,29),
(231,"上平公民館","うわだいらこうみんかん","長野県長野市鬼無里日影891－5",36.67360431,138.006966,29),
(232,"鬼無里活性化センター","きなさかっせいかせんたー","長野県長野市鬼無里日影2750－1",36.68018062,138.00150680000002,29),
(233,"中区第一公民館","なかくだいいちこうみんかん","長野県長野市鬼無里日影3522",36.67144174,137.9966378,29),
(234,"中区第二公民館","なかくだいにこうみんかん","長野県長野市鬼無里日影4274",36.66992534,137.9935493,29),
(235,"中区活性化センター","なかくかっせいかせんたー","長野県長野市鬼無里日影4965－2",36.67324623,137.99214550000002,29),
(236,"祖山集会場","そやましゅうかいじょう","長野県長野市鬼無里日影5046－1",36.67392482,137.9900553,29),
(237,"共栄公民館","きょうえいこうみんかん","長野県長野市鬼無里日影5954－2",36.68086293,137.98271519999997,29),
(238,"裾花第一公民館","すそばなだいいちこうみんかん","長野県長野市鬼無里日影10430－7",36.70616689,137.9565294,29),
(239,"裾花第二公民館","すそばなだいにこうみんかん","長野県長野市鬼無里日影11023－3",36.7153729,137.96355060000002,29),
(240,"西京公民館","にしきょうこうみんかん","長野県長野市鬼無里日影6745－1",36.68592595,137.96403480000004,29),
(241,"両京健康スポーツセンター","りょうきょうけんこうすぽーつせんたー","長野県長野市鬼無里日影6831",36.68582295,137.9658242,29),
(242,"田之頭公民館","たのかしらこうみんかん","長野県長野市鬼無里日影8754－2",36.68738976,137.94174640000003,29),
(243,"押一公民館","おしいちこうみんかん","長野県長野市鬼無里日影9450－4",36.66910332,137.928787,29),
(244,"大岡活性化センター","おおおかかっせいかせんたー","長野県長野市大岡甲7626-1",36.51664054,137.991636,30),
(245,"四ヶ村地区センター","しかむらちくせんたー","長野県長野市大岡甲6945－2",36.52117947,137.9826812,30),
(246,"和平地区センター","わだいらちくせんたー","長野県長野市大岡乙1630",36.51505998,137.97797409999998,30),
(247,"大岡文化センター（大岡公民館）","おおおかぶんかせんたー（おおおかこうみんかん）","長野県長野市大岡乙252－1",36.50619499,137.9885136,30),
(248,"中部地区センター","ちゅうぶちくせんたー","長野県長野市大岡乙793－3",36.50278975,137.97869430000003,30),
(249,"根越地区センター","ねごしちくせんたー","長野県長野市大岡乙5494",36.49566086,137.95994319999997,30),
(250,"芦ノ尻地区センター","あしのしりちくせんたー","長野県長野市大岡丙4080",36.48826055,137.976013,30),
(251,"笹久地区センター","ささきゅうちくせんたー","長野県長野市大岡丙3366",36.47691325,137.9782405,30),
(252,"中牧地区センター","なかまきちくせんたー","長野県長野市大岡中牧1172－1",36.52225069,138.0095338,30),
(253,"水内公民館","みのちこうみんかん","長野県長野市信州新町水内3718－2",36.57730454,138.0481217,31),
(254,"長野市立信州新町小学校","ながのしりつしんしゅうしんまちしょうがっこう","長野県長野市信州新町新町630－1",36.57148942,138.0096312,31),
(255,"信州新町体育館","しんしゅうしんまちたいいくかん","長野県長野市信州新町新町1000－1",36.56755837,138.00669399999998,31),
(256,"長野市立信州新町中学校","ながのしりつしんしゅうしんまちちゅうがっこう","長野県長野市信州新町新町1006",36.56614497,138.0066375,31),
(257,"信州新町運動場","しんしゅうしんまちうんどうじょう","長野県長野市信州新町新町1000－1",36.56744722,138.0076194,31),
(258,"信州新町保育園","しんしゅうしんまちほいくえん","長野県長野市信州新町里穂刈423－1",36.56797233,138.0018789,31),
(259,"津和コミュニティーセンター","つわこみゅにてぃーせんたー","長野県長野市信州新町山上条1376－ｲ",36.582280100000006,137.999625,31),
(260,"枌の木公民館","にれのきこうみんかん","長野県長野市信州新町山上条3183－2",36.59595738,138.0156117,31),
(261,"峰組公民館","みねぐみこうみんかん","長野県長野市信州新町山上条6400－2",36.59385611,138.0237627,31),
(262,"本村公民館","ほんそんこうみんかん","長野県長野市信州新町越道1111",36.59654173,137.99857,31),
(263,"万福寺","まんぷくじ","長野県長野市信州新町越道477",36.59563333,138.0015167,31),
(264,"南部構造改善センター","なんぶこうぞうかいぜんせんたー","長野県長野市信州新町山穂刈6069－1",36.57707518,137.9820416,31),
(265,"信州新町信州犀川交流センター","しんしゅうしんまちしんしゅうさいがわこうりゅうせんたー","長野県長野市信州新町日原西2287",36.54900545,137.9745619,31),
(266,"信級公民館","のぶしなこうみんかん","長野県長野市信州新町信級1261",36.55315302,137.9422869,31),
(267,"旧竹房保育園","きゅうたけぶさほいくえん","長野県長野市信州新町竹房1037－3",36.56574181,138.01215380000002,31),
(268,"長野県篠ノ井高等学校犀峡校","ながのけんしののいこうとうがっこうさいきょうこう","長野県長野市信州新町下市場70",36.562090000000005,137.99358590000003,31),
(269,"牧野島公民館","まきのしまこうみんかん","長野県長野市信州新町牧野島167－2",36.56093034,138.00051919999999,31),
(270,"牧郷研修センター","まきさとけんしゅうせんたー","長野県長野市信州新町牧田中2195-3",36.55055938,137.99687509999998,31),
(271,"下中山生活改善センター","しもなかやませいかつかいぜんせんたー","長野県長野市信州新町弘崎1857－1",36.53981047,137.98833059999998,31),
(272,"五十里ふれあいセンター","いかりふれあいせんたー","長野県長野市中条日高1529－1",36.61298018,138.0575034,32),
(273,"下長井公民館","しもながいこうみんかん","長野県長野市中条日高3291－1",36.60416567,138.05086630000002,32),
(274,"中長井振興館","なかながいしんこうかん","長野県長野市中条日高3716－2",36.60703567,138.0450819,32),
(275,"上長井支館（上長井生活センター）","かみながいしかん（かみながいせいかつせんたー）","長野県長野市中条日高5637－2",36.59738236,138.034515,32),
(276,"中条老人福祉センター","なかじょうろうじんふくしせんたー","長野県長野市中条日高3964－2",36.61214702,138.0407619,32),
(277,"中内公民館","なかうちこうみんかん","長野県長野市中条日下野670－2",36.62481417,138.0492721,32),
(278,"念仏寺生活センター","ねんぶつじせいかつせんたー","長野県長野市中条日下野3198－3",36.6413146,138.0546785,32),
(279,"下条生活センター","げじょうせいかつせんたー","長野県長野市中条日下野7558",36.62767187,138.04018,32),
(280,"中条地域振興施設やきもち家","なかじょうちいきしんこうしせつやきもちや","長野県長野市中条日下野5286－1",36.64329896,138.03893119999998,32),
(281,"中条平区第二センター（専納生活センター）","なかじょうたいらくだいにせんたー（せんのうせいかつせんたー）","長野県長野市中条5161－1",36.61986444,138.0399972,32),
(282,"中央区月夜棚生活センター","ちゅうおうくつきよだなせいかつせんたー","長野県長野市中条4134－1",36.61356174,138.03211969999998,32),
(283,"中条会館","なかじょうかいかん","長野県長野市中条2625－1",36.61186472,138.0361351,32),
(284,"長野県長野西高等学校中条校","ながのけんながのにしこうとうがっこうなかじょうこう","長野県長野市中条2378－1",36.60756406,138.034677,32),
(285,"長野市立中条小学校","ながのしりつなかじょうしょうがっこう","長野県長野市中条2770",36.609858200000005,138.0317594,32),
(286,"中条体育館","なかじょうたいいくかん","長野県長野市中条2328－2",36.60685029,138.0338154,32),
(287,"長野市立中条中学校","ながのしりつなかじょうちゅうがっこう","長野県長野市中条2328",36.60620039,138.0334792,32),
(288,"中央区分館","ちゅうおうくぶんかん","長野県長野市中条2105－1",36.60656063,138.030192,32),
(289,"宮遺跡公園","みやいせきこうえん","長野県長野市中条2097-1",36.60623292,138.02968059999998,32),
(290,"田の入公民館","たのいりこうみんかん","長野県長野市中条御山里4120－1",36.6268097,138.0192629,32),
(291,"地京原振興館","じきょうばらしんこうかん","長野県長野市中条御山里988－1",36.63455775,138.0254888,32),
(292,"伊折区新井公民館","いおりくあらいこうみんかん","長野県長野市中条御山里8947",36.63618145,138.0048679,32),
(293,"伊折区太田公民館","いおりくおおたこうみんかん","長野県長野市中条御山里7713－1",36.64064759,138.0107041,32),
(294,"旧御山里小学校","きゅうみやまさしょうがっこう","長野県長野市中条御山里6671-1",36.63501802,138.01613759999998,32),
(295,"青木農業振興館","あおきのうぎょうしんこうかん","長野県長野市中条住良木501",36.60680859,138.02241630000003,32),
(296,"里原生活センター","さとばらせいかつせんたー","長野県長野市中条住良木9901",36.615744299999996,138.01667949999998,32),
(297,"田頭生活センター（田頭公民館）","たがしらせいかつせんたー（たがしらこうみんかん）","長野県長野市中条住良木8981－1",36.60712131,138.0130016,32),
(298,"大野生活センター（大野公民館）","おおのせいかつせんたー（おおのこうみんかん）","長野県長野市中条住良木6903",36.60648701,138.00622030000002,32),
(299,"鳥々見生活センター","ととみせいかつせんたー","長野県長野市中条住良木5732－1",36.61575269,138.0058776,32),
(300,"奈良井会館","ならいかいかん","長野県長野市中条住良木4463－ｲ",36.61991564,138.00541769999998,32),
(301,"峰奈良井生活センター","みねならいせいかつせんたー","長野県長野市中条住良木4292",36.6255524,138.0060874,32),
(302,"住良木団地公民館","すめらぎだんちこうみんかん","長野県長野市中条住良木8383－2",36.60521577,138.01056119999998,32),
(303,"道の駅「中条」ふるさと広場","みちのえき「なかじょう」ふるさとひろば","長野県長野市中条住良木1704",36.60375741,138.01566369999998,32);

INSERT INTO attribute (code,designation,wide_area) VALUES
(1,"○","×"),
(2,"×","×"),
(3,"×","×"),
(4,"○","×"),
(5,"○","×"),
(6,"○","×"),
(7,"×","×"),
(8,"○","×"),
(9,"×","○"),
(10,"×","×"),
(11,"○","×"),
(12,"×","×"),
(13,"×","×"),
(14,"○","×"),
(15,"×","×"),
(16,"×","×"),
(17,"○","×"),
(18,"×","×"),
(19,"○","×"),
(20,"○","×"),
(21,"○","×"),
(22,"×","×"),
(23,"○","×"),
(24,"○","×"),
(25,"○","×"),
(26,"×","×"),
(27,"×","×"),
(28,"×","×"),
(29,"○","×"),
(30,"○","×"),
(31,"○","×"),
(32,"○","×"),
(33,"×","×"),
(34,"×","×"),
(35,"×","×"),
(36,"○","×"),
(37,"○","×"),
(38,"×","×"),
(39,"○","×"),
(40,"×","×"),
(41,"○","×"),
(42,"○","○"),
(43,"○","×"),
(44,"○","×"),
(45,"○","×"),
(46,"○","×"),
(47,"○","×"),
(48,"○","×"),
(49,"○","×"),
(50,"○","×"),
(51,"○","×"),
(52,"×","×"),
(53,"×","×"),
(54,"×","×"),
(55,"○","×"),
(56,"×","×"),
(57,"×","×"),
(58,"○","×"),
(59,"○","×"),
(60,"○","×"),
(61,"○","×"),
(62,"×","×"),
(63,"○","×"),
(64,"○","×"),
(65,"×","×"),
(66,"○","×"),
(67,"×","×"),
(68,"○","×"),
(69,"○","×"),
(70,"○","×"),
(71,"○","×"),
(72,"○","×"),
(73,"○","×"),
(74,"×","×"),
(75,"×","×"),
(76,"○","×"),
(77,"○","×"),
(78,"○","×"),
(79,"○","×"),
(80,"○","×"),
(81,"○","×"),
(82,"○","×"),
(83,"×","×"),
(84,"○","×"),
(85,"×","×"),
(86,"×","×"),
(87,"×","×"),
(88,"○","×"),
(89,"○","×"),
(90,"○","×"),
(91,"○","×"),
(92,"×","×"),
(93,"○","×"),
(94,"○","×"),
(95,"○","×"),
(96,"×","×"),
(97,"○","×"),
(98,"×","×"),
(99,"○","○"),
(100,"○","×"),
(101,"○","×"),
(102,"×","×"),
(103,"○","×"),
(104,"○","○"),
(105,"×","×"),
(106,"○","×"),
(107,"○","×"),
(108,"○","×"),
(109,"○","×"),
(110,"×","×"),
(111,"○","×"),
(112,"○","×"),
(113,"○","×"),
(114,"○","×"),
(115,"○","×"),
(116,"○","×"),
(117,"○","×"),
(118,"×","×"),
(119,"○","×"),
(120,"○","×"),
(121,"○","×"),
(122,"○","×"),
(123,"×","×"),
(124,"×","×"),
(125,"○","×"),
(126,"○","×"),
(127,"×","×"),
(128,"×","×"),
(129,"○","×"),
(130,"○","×"),
(131,"○","×"),
(132,"×","×"),
(133,"×","○"),
(134,"○","×"),
(135,"○","×"),
(136,"○","×"),
(137,"○","×"),
(138,"○","×"),
(139,"○","×"),
(140,"○","×"),
(141,"○","×"),
(142,"○","×"),
(143,"○","×"),
(144,"○","×"),
(145,"○","×"),
(146,"○","×"),
(147,"○","×"),
(148,"○","×"),
(149,"○","×"),
(150,"○","×"),
(151,"○","×"),
(152,"○","×"),
(153,"○","×"),
(154,"○","×"),
(155,"○","×"),
(156,"○","×"),
(157,"○","×"),
(158,"○","×"),
(159,"○","×"),
(160,"○","×"),
(161,"○","×"),
(162,"○","×"),
(163,"○","×"),
(164,"○","×"),
(165,"○","×"),
(166,"○","×"),
(167,"○","×"),
(168,"○","×"),
(169,"○","×"),
(170,"○","×"),
(171,"○","×"),
(172,"○","×"),
(173,"○","×"),
(174,"○","×"),
(175,"○","×"),
(176,"○","×"),
(177,"○","×"),
(178,"○","×"),
(179,"○","×"),
(180,"○","×"),
(181,"○","×"),
(182,"○","×"),
(183,"○","×"),
(184,"○","×"),
(185,"○","×"),
(186,"○","×"),
(187,"○","×"),
(188,"○","×"),
(189,"○","×"),
(190,"○","×"),
(191,"○","×"),
(192,"○","×"),
(193,"○","×"),
(194,"○","×"),
(195,"○","×"),
(196,"○","×"),
(197,"×","×"),
(198,"○","×"),
(199,"○","×"),
(200,"○","×"),
(201,"○","×"),
(202,"×","×"),
(203,"○","×"),
(204,"○","×"),
(205,"○","×"),
(206,"○","×"),
(207,"○","×"),
(208,"○","×"),
(209,"○","×"),
(210,"○","×"),
(211,"○","×"),
(212,"○","×"),
(213,"○","×"),
(214,"○","×"),
(215,"○","×"),
(216,"○","×"),
(217,"○","×"),
(218,"○","×"),
(219,"○","×"),
(220,"○","×"),
(221,"○","×"),
(222,"○","×"),
(223,"○","×"),
(224,"○","×"),
(225,"○","×"),
(226,"○","×"),
(227,"○","×"),
(228,"○","×"),
(229,"×","×"),
(230,"○","×"),
(231,"○","×"),
(232,"○","×"),
(233,"○","×"),
(234,"○","×"),
(235,"○","×"),
(236,"○","×"),
(237,"○","×"),
(238,"○","×"),
(239,"○","×"),
(240,"○","×"),
(241,"○","×"),
(242,"○","×"),
(243,"○","×"),
(244,"○","×"),
(245,"○","×"),
(246,"○","×"),
(247,"○","×"),
(248,"○","×"),
(249,"○","×"),
(250,"○","×"),
(251,"○","×"),
(252,"○","×"),
(253,"○","×"),
(254,"○","×"),
(255,"○","×"),
(256,"○","×"),
(257,"×","×"),
(258,"○","×"),
(259,"○","×"),
(260,"○","×"),
(261,"○","×"),
(262,"○","×"),
(263,"○","×"),
(264,"○","×"),
(265,"○","×"),
(266,"×","×"),
(267,"○","×"),
(268,"○","×"),
(269,"○","×"),
(270,"○","×"),
(271,"○","×"),
(272,"○","×"),
(273,"○","×"),
(274,"○","×"),
(275,"○","×"),
(276,"○","×"),
(277,"○","×"),
(278,"○","×"),
(279,"○","×"),
(280,"○","×"),
(281,"○","×"),
(282,"○","×"),
(283,"○","×"),
(284,"○","×"),
(285,"○","×"),
(286,"○","×"),
(287,"○","×"),
(288,"○","×"),
(289,"×","×"),
(290,"○","×"),
(291,"○","×"),
(292,"○","×"),
(293,"○","×"),
(294,"×","×"),
(295,"○","×"),
(296,"○","×"),
(297,"○","×"),
(298,"○","×"),
(299,"○","×"),
(300,"○","×"),
(301,"○","×"),
(302,"○","×"),
(303,"×","×");

INSERT INTO flood_note (flood_note_id,note) VALUES
(0,"なし"),
(1,"グラウンド除く"),
(2,"体育館除く"),
(3,"２階以上"),
(4,"２階部分の観客席及び内部・外部コンコース");

INSERT INTO flood (code,suitability,flood_note_id) VALUES
(1,"○",1),
(2,"○",0),
(3,"○",0),
(4,"○",0),
(5,"○",2),
(6,"○",1),
(7,"○",0),
(8,"○",3),
(9,"○",0),
(10,"○",0),
(11,"○",1),
(12,"○",0),
(13,"○",0),
(14,"○",3),
(15,"○",0),
(16,"×",0),
(17,"×",0),
(18,"×",0),
(19,"×",0),
(20,"×",0),
(21,"○",3),
(22,"×",0),
(23,"○",3),
(24,"○",3),
(25,"○",3),
(26,"×",0),
(27,"×",0),
(28,"×",0),
(29,"○",3),
(30,"○",3),
(31,"○",3),
(32,"○",3),
(33,"×",0),
(34,"×",0),
(35,"×",0),
(36,"○",0),
(37,"○",0),
(38,"○",0),
(39,"○",0),
(40,"×",0),
(41,"×",0),
(42,"○",3),
(43,"○",3),
(44,"×",0),
(45,"○",0),
(46,"×",0),
(47,"○",1),
(48,"○",1),
(49,"○",3),
(50,"×",0),
(51,"×",0),
(52,"×",0),
(53,"×",0),
(54,"○",0),
(55,"×",0),
(56,"○",4),
(57,"○",3),
(58,"×",0),
(59,"×",0),
(60,"×",0),
(61,"○",0),
(62,"×",0),
(63,"○",1),
(64,"○",0),
(65,"○",0),
(66,"×",0),
(67,"×",0),
(68,"×",0),
(69,"○",0),
(70,"○",3),
(71,"○",0),
(72,"○",0),
(73,"×",0),
(74,"×",0),
(75,"×",0),
(76,"○",0),
(77,"○",0),
(78,"○",0),
(79,"○",0),
(80,"○",0),
(81,"×",0),
(82,"×",0),
(83,"×",0),
(84,"×",0),
(85,"×",0),
(86,"×",0),
(87,"×",0),
(88,"×",0),
(89,"×",0),
(90,"○",0),
(91,"○",0),
(92,"○",0),
(93,"○",0),
(94,"×",0),
(95,"×",0),
(96,"×",0),
(97,"×",0),
(98,"×",0),
(99,"○",3),
(100,"○",0),
(101,"×",0),
(102,"×",0),
(103,"×",0),
(104,"×",0),
(105,"×",0),
(106,"×",0),
(107,"○",3),
(108,"○",3),
(109,"×",0),
(110,"×",0),
(111,"○",0),
(112,"○",3),
(113,"×",0),
(114,"○",0),
(115,"×",0),
(116,"×",0),
(117,"○",3),
(118,"×",0),
(119,"○",0),
(120,"○",3),
(121,"○",3),
(122,"○",3),
(123,"×",0),
(124,"×",0),
(125,"×",0),
(126,"○",3),
(127,"×",0),
(128,"×",0),
(129,"○",3),
(130,"×",0),
(131,"×",0),
(132,"×",0),
(133,"×",0),
(134,"○",3),
(135,"○",3),
(136,"○",3),
(137,"○",3),
(138,"○",0),
(139,"○",0),
(140,"×",0),
(141,"○",0),
(142,"○",0),
(143,"○",0),
(144,"○",0),
(145,"○",0),
(146,"×",0),
(147,"×",0),
(148,"×",0),
(149,"×",0),
(150,"×",0),
(151,"○",0),
(152,"○",0),
(153,"○",0),
(154,"○",0),
(155,"○",0),
(156,"○",0),
(157,"○",0),
(158,"○",0),
(159,"○",0),
(160,"○",0),
(161,"○",0),
(162,"○",0),
(163,"○",0),
(164,"○",0),
(165,"○",0),
(166,"○",0),
(167,"○",0),
(168,"○",0),
(169,"○",0),
(170,"○",0),
(171,"○",0),
(172,"○",0),
(173,"○",0),
(174,"○",0),
(175,"○",0),
(176,"○",0),
(177,"○",0),
(178,"○",0),
(179,"○",0),
(180,"○",0),
(181,"○",0),
(182,"○",0),
(183,"○",0),
(184,"○",0),
(185,"○",0),
(186,"○",0),
(187,"○",0),
(188,"○",0),
(189,"○",0),
(190,"○",0),
(191,"○",0),
(192,"○",0),
(193,"○",0),
(194,"○",0),
(195,"○",0),
(196,"○",0),
(197,"○",0),
(198,"○",0),
(199,"○",0),
(200,"○",0),
(201,"○",0),
(202,"○",0),
(203,"○",0),
(204,"○",0),
(205,"○",0),
(206,"×",0),
(207,"○",0),
(208,"○",0),
(209,"○",0),
(210,"○",0),
(211,"○",0),
(212,"○",0),
(213,"○",0),
(214,"○",0),
(215,"○",0),
(216,"○",0),
(217,"○",0),
(218,"○",0),
(219,"○",0),
(220,"○",0),
(221,"○",0),
(222,"○",0),
(223,"○",0),
(224,"○",0),
(225,"○",0),
(226,"○",0),
(227,"○",0),
(228,"○",0),
(229,"○",0),
(230,"○",0),
(231,"○",0),
(232,"○",0),
(233,"○",0),
(234,"○",0),
(235,"○",0),
(236,"○",0),
(237,"○",0),
(238,"○",0),
(239,"○",0),
(240,"○",0),
(241,"×",0),
(242,"○",0),
(243,"○",0),
(244,"○",0),
(245,"○",0),
(246,"○",0),
(247,"○",0),
(248,"○",0),
(249,"○",0),
(250,"○",0),
(251,"○",0),
(252,"○",0),
(253,"○",0),
(254,"×",0),
(255,"×",0),
(256,"×",0),
(257,"×",0),
(258,"○",0),
(259,"○",0),
(260,"○",0),
(261,"○",0),
(262,"○",0),
(263,"○",0),
(264,"○",0),
(265,"×",0),
(266,"○",0),
(267,"○",0),
(268,"○",0),
(269,"○",0),
(270,"○",0),
(271,"○",0),
(272,"○",0),
(273,"○",0),
(274,"○",0),
(275,"○",0),
(276,"○",0),
(277,"○",0),
(278,"○",0),
(279,"○",0),
(280,"○",0),
(281,"○",0),
(282,"○",0),
(283,"○",0),
(284,"○",3),
(285,"○",0),
(286,"○",0),
(287,"○",0),
(288,"○",0),
(289,"○",0),
(290,"○",0),
(291,"○",0),
(292,"○",0),
(293,"○",0),
(294,"○",0),
(295,"○",0),
(296,"○",0),
(297,"○",0),
(298,"○",0),
(299,"○",0),
(300,"○",0),
(301,"○",0),
(302,"○",0),
(303,"○",0);

INSERT INTO sediment_disaster_note (sediment_disaster_notes_id,note) VALUES
(0,"なし"),
(1,"北西の一部除く"),
(2,"南東の一部除く"),
(3,"第２体育館"),
(4,"施設内"),
(5,"北側施設内"),
(6,"体育館除く施設内"),
(7,"教室棟施設内"),
(8,"体育館"),
(9,"体育館内"),
(10,"施設内２階");


INSERT INTO sediment_disaster (code,suitability,sediment_disaster_notes_id) VALUES
(1,"○",1),
(2,"○",0),
(3,"○",0),
(4,"○",0),
(5,"○",2),
(6,"○",1),
(7,"○",0),
(8,"○",3),
(9,"○",0),
(10,"○",0),
(11,"○",1),
(12,"○",0),
(13,"○",0),
(14,"○",3),
(15,"○",0),
(16,"×",0),
(17,"×",0),
(18,"×",0),
(19,"×",0),
(20,"×",0),
(21,"○",3),
(22,"×",0),
(23,"○",3),
(24,"○",3),
(25,"○",3),
(26,"×",0),
(27,"×",0),
(28,"×",0),
(29,"○",3),
(30,"○",3),
(31,"○",3),
(32,"○",3),
(33,"×",0),
(34,"×",0),
(35,"×",0),
(36,"○",0),
(37,"○",0),
(38,"○",0),
(39,"○",0),
(40,"×",0),
(41,"×",0),
(42,"○",3),
(43,"○",3),
(44,"×",0),
(45,"○",0),
(46,"×",0),
(47,"○",1),
(48,"○",1),
(49,"○",3),
(50,"×",0),
(51,"×",0),
(52,"×",0),
(53,"×",0),
(54,"○",0),
(55,"×",0),
(56,"○",4),
(57,"○",3),
(58,"×",0),
(59,"×",0),
(60,"×",0),
(61,"○",0),
(62,"×",0),
(63,"○",1),
(64,"○",0),
(65,"○",0),
(66,"×",0),
(67,"×",0),
(68,"×",0),
(69,"○",0),
(70,"○",3),
(71,"○",0),
(72,"○",0),
(73,"×",0),
(74,"×",0),
(75,"×",0),
(76,"○",0),
(77,"○",0),
(78,"○",0),
(79,"○",0),
(80,"○",0),
(81,"×",0),
(82,"×",0),
(83,"×",0),
(84,"×",0),
(85,"×",0),
(86,"×",0),
(87,"×",0),
(88,"×",0),
(89,"×",0),
(90,"○",0),
(91,"○",0),
(92,"○",0),
(93,"○",0),
(94,"×",0),
(95,"×",0),
(96,"×",0),
(97,"×",0),
(98,"×",0),
(99,"○",3),
(100,"○",0),
(101,"×",0),
(102,"×",0),
(103,"×",0),
(104,"×",0),
(105,"×",0),
(106,"×",0),
(107,"○",3),
(108,"○",3),
(109,"×",0),
(110,"×",0),
(111,"○",0),
(112,"○",3),
(113,"×",0),
(114,"○",0),
(115,"×",0),
(116,"×",0),
(117,"○",3),
(118,"×",0),
(119,"○",0),
(120,"○",3),
(121,"○",3),
(122,"○",3),
(123,"×",0),
(124,"×",0),
(125,"×",0),
(126,"○",3),
(127,"×",0),
(128,"×",0),
(129,"○",3),
(130,"×",0),
(131,"×",0),
(132,"×",0),
(133,"×",0),
(134,"○",3),
(135,"○",3),
(136,"○",3),
(137,"○",3),
(138,"○",0),
(139,"○",0),
(140,"×",0),
(141,"○",0),
(142,"○",0),
(143,"○",0),
(144,"○",0),
(145,"○",0),
(146,"×",0),
(147,"×",0),
(148,"×",0),
(149,"×",0),
(150,"×",0),
(151,"○",0),
(152,"○",0),
(153,"○",0),
(154,"○",0),
(155,"○",0),
(156,"○",0),
(157,"○",0),
(158,"○",0),
(159,"○",0),
(160,"○",0),
(161,"○",0),
(162,"○",0),
(163,"○",0),
(164,"○",0),
(165,"○",0),
(166,"○",0),
(167,"○",0),
(168,"○",0),
(169,"○",0),
(170,"○",0),
(171,"○",0),
(172,"○",0),
(173,"○",0),
(174,"○",0),
(175,"○",0),
(176,"○",0),
(177,"○",0),
(178,"○",0),
(179,"○",0),
(180,"○",0),
(181,"○",0),
(182,"○",0),
(183,"○",0),
(184,"○",0),
(185,"○",0),
(186,"○",0),
(187,"○",0),
(188,"○",0),
(189,"○",0),
(190,"○",0),
(191,"○",0),
(192,"○",0),
(193,"○",0),
(194,"○",0),
(195,"○",0),
(196,"○",0),
(197,"○",0),
(198,"○",0),
(199,"○",0),
(200,"○",0),
(201,"○",0),
(202,"○",0),
(203,"○",0),
(204,"○",0),
(205,"○",0),
(206,"×",0),
(207,"○",0),
(208,"○",0),
(209,"○",0),
(210,"○",0),
(211,"○",0),
(212,"○",0),
(213,"○",0),
(214,"○",0),
(215,"○",0),
(216,"○",0),
(217,"○",0),
(218,"○",0),
(219,"○",0),
(220,"○",0),
(221,"○",0),
(222,"○",0),
(223,"○",0),
(224,"○",0),
(225,"○",0),
(226,"○",0),
(227,"○",0),
(228,"○",0),
(229,"○",0),
(230,"○",0),
(231,"○",0),
(232,"○",0),
(233,"○",0),
(234,"○",0),
(235,"○",0),
(236,"○",0),
(237,"○",0),
(238,"○",0),
(239,"○",0),
(240,"○",0),
(241,"×",0),
(242,"○",0),
(243,"○",0),
(244,"○",0),
(245,"○",0),
(246,"○",0),
(247,"○",0),
(248,"○",0),
(249,"○",0),
(250,"○",0),
(251,"○",0),
(252,"○",0),
(253,"○",0),
(254,"×",0),
(255,"×",0),
(256,"×",0),
(257,"×",0),
(258,"○",0),
(259,"○",0),
(260,"○",0),
(261,"○",0),
(262,"○",0),
(263,"○",0),
(264,"○",0),
(265,"×",0),
(266,"○",0),
(267,"○",0),
(268,"○",0),
(269,"○",0),
(270,"○",0),
(271,"○",0),
(272,"○",0),
(273,"○",0),
(274,"○",0),
(275,"○",0),
(276,"○",0),
(277,"○",0),
(278,"○",0),
(279,"○",0),
(280,"○",0),
(281,"○",0),
(282,"○",0),
(283,"○",0),
(284,"○",3),
(285,"○",0),
(286,"○",0),
(287,"○",0),
(288,"○",0),
(289,"○",0),
(290,"○",0),
(291,"○",0),
(292,"○",0),
(293,"○",0),
(294,"○",0),
(295,"○",0),
(296,"○",0),
(297,"○",0),
(298,"○",0),
(299,"○",0),
(300,"○",0),
(301,"○",0),
(302,"○",0),
(303,"○",0);

INSERT INTO earthquake_note (earthquake_note_id,note) VALUES
(0,"なし"),
(1,"屋外");


INSERT INTO earthquake (code,suitability,earthquake_note_id) VALUES
(1,"○",0),
(2,"○",0),
(3,"○",0),
(4,"○",0),
(5,"○",0),
(6,"○",0),
(7,"○",0),
(8,"○",0),
(9,"○",0),
(10,"○",0),
(11,"○",0),
(12,"○",0),
(13,"○",0),
(14,"○",0),
(15,"○",0),
(16,"○",0),
(17,"○",0),
(18,"○",0),
(19,"○",0),
(20,"○",0),
(21,"○",0),
(22,"○",0),
(23,"○",0),
(24,"○",0),
(25,"○",0),
(26,"○",0),
(27,"○",0),
(28,"○",0),
(29,"○",0),
(30,"○",0),
(31,"○",0),
(32,"○",0),
(33,"○",0),
(34,"○",0),
(35,"○",0),
(36,"○",0),
(37,"○",0),
(38,"○",0),
(39,"○",0),
(40,"○",0),
(41,"○",0),
(42,"○",0),
(43,"○",0),
(44,"○",0),
(45,"○",0),
(46,"○",0),
(47,"○",0),
(48,"○",0),
(49,"○",0),
(50,"○",0),
(51,"○",0),
(52,"○",0),
(53,"○",0),
(54,"×",0),
(55,"○",0),
(56,"○",0),
(57,"○",0),
(58,"○",0),
(59,"○",0),
(60,"○",0),
(61,"○",0),
(62,"○",0),
(63,"○",0),
(64,"○",0),
(65,"○",0),
(66,"○",0),
(67,"○",0),
(68,"○",0),
(69,"○",0),
(70,"○",0),
(71,"○",0),
(72,"○",0),
(73,"○",0),
(74,"○",0),
(75,"○",0),
(76,"○",0),
(77,"○",0),
(78,"○",0),
(79,"○",0),
(80,"○",0),
(81,"○",0),
(82,"○",0),
(83,"○",0),
(84,"○",0),
(85,"○",0),
(86,"○",0),
(87,"○",0),
(88,"○",0),
(89,"○",0),
(90,"○",0),
(91,"○",0),
(92,"○",0),
(93,"○",0),
(94,"○",0),
(95,"○",0),
(96,"○",1),
(97,"○",0),
(98,"○",0),
(99,"○",0),
(100,"○",0),
(101,"○",0),
(102,"○",0),
(103,"○",0),
(104,"○",0),
(105,"○",0),
(106,"○",0),
(107,"○",0),
(108,"○",0),
(109,"○",0),
(110,"○",0),
(111,"○",0),
(112,"○",0),
(113,"○",0),
(114,"○",0),
(115,"○",0),
(116,"○",0),
(117,"○",0),
(118,"○",0),
(119,"○",0),
(120,"○",0),
(121,"○",0),
(122,"○",0),
(123,"○",0),
(124,"○",0),
(125,"○",0),
(126,"○",0),
(127,"○",0),
(128,"○",0),
(129,"○",0),
(130,"○",0),
(131,"○",0),
(132,"○",0),
(133,"○",0),
(134,"○",0),
(135,"○",0),
(136,"○",0),
(137,"○",0),
(138,"○",0),
(139,"○",0),
(140,"○",0),
(141,"○",0),
(142,"○",0),
(143,"×",0),
(144,"×",0),
(145,"○",0),
(146,"○",0),
(147,"○",0),
(148,"○",0),
(149,"○",0),
(150,"○",0),
(151,"○",0),
(152,"○",0),
(153,"○",0),
(154,"×",0),
(155,"○",0),
(156,"○",0),
(157,"○",0),
(158,"○",0),
(159,"○",0),
(160,"×",0),
(161,"×",0),
(162,"○",0),
(163,"○",0),
(164,"○",0),
(165,"×",0),
(166,"○",0),
(167,"×",0),
(168,"○",0),
(169,"○",0),
(170,"○",0),
(171,"×",0),
(172,"○",0),
(173,"○",0),
(174,"○",0),
(175,"×",0),
(176,"×",0),
(177,"○",0),
(178,"○",0),
(179,"×",0),
(180,"○",0),
(181,"○",0),
(182,"○",0),
(183,"○",0),
(184,"×",0),
(185,"×",0),
(186,"×",0),
(187,"×",0),
(188,"○",0),
(189,"○",0),
(190,"×",0),
(191,"×",0),
(192,"×",0),
(193,"×",0),
(194,"×",0),
(195,"○",0),
(196,"○",0),
(197,"○",0),
(198,"×",0),
(199,"×",0),
(200,"×",0),
(201,"×",0),
(202,"○",0),
(203,"○",0),
(204,"×",0),
(205,"○",0),
(206,"○",0),
(207,"○",0),
(208,"○",0),
(209,"○",0),
(210,"×",0),
(211,"○",0),
(212,"○",0),
(213,"×",0),
(214,"×",0),
(215,"×",0),
(216,"○",0),
(217,"○",0),
(218,"○",0),
(219,"×",0),
(220,"×",0),
(221,"×",0),
(222,"×",0),
(223,"○",0),
(224,"○",0),
(225,"○",0),
(226,"×",0),
(227,"×",0),
(228,"○",0),
(229,"○",0),
(230,"○",0),
(231,"○",0),
(232,"○",0),
(233,"×",0),
(234,"×",0),
(235,"○",0),
(236,"○",0),
(237,"×",0),
(238,"○",0),
(239,"○",0),
(240,"○",0),
(241,"○",0),
(242,"○",0),
(243,"×",0),
(244,"○",0),
(245,"×",0),
(246,"×",0),
(247,"○",0),
(248,"×",0),
(249,"×",0),
(250,"×",0),
(251,"×",0),
(252,"×",0),
(253,"×",0),
(254,"○",0),
(255,"○",0),
(256,"○",0),
(257,"○",0),
(258,"○",0),
(259,"○",0),
(260,"×",0),
(261,"×",0),
(262,"×",0),
(263,"×",0),
(264,"○",0),
(265,"○",0),
(266,"×",0),
(267,"×",0),
(268,"○",0),
(269,"×",0),
(270,"○",0),
(271,"○",0),
(272,"○",0),
(273,"○",0),
(274,"×",0),
(275,"×",0),
(276,"○",0),
(277,"×",0),
(278,"×",0),
(279,"○",0),
(280,"○",0),
(281,"×",0),
(282,"○",0),
(283,"×",0),
(284,"○",0),
(285,"○",0),
(286,"○",0),
(287,"○",0),
(288,"×",0),
(289,"○",0),
(290,"×",0),
(291,"×",0),
(292,"×",0),
(293,"×",0),
(294,"○",1),
(295,"×",0),
(296,"○",0),
(297,"×",0),
(298,"×",0),
(299,"○",0),
(300,"×",0),
(301,"×",0),
(302,"○",0),
(303,"○",1);


INSERT INTO fire (code,suitability) VALUES
(1,"×"),
(2,"×"),
(3,"×"),
(4,"×"),
(5,"×"),
(6,"×"),
(7,"×"),
(8,"×"),
(9,"○"),
(10,"×"),
(11,"×"),
(12,"×"),
(13,"×"),
(14,"×"),
(15,"×"),
(16,"×"),
(17,"×"),
(18,"×"),
(19,"×"),
(20,"×"),
(21,"×"),
(22,"×"),
(23,"×"),
(24,"×"),
(25,"×"),
(26,"×"),
(27,"×"),
(28,"×"),
(29,"×"),
(30,"×"),
(31,"×"),
(32,"×"),
(33,"×"),
(34,"×"),
(35,"×"),
(36,"×"),
(37,"×"),
(38,"×"),
(39,"×"),
(40,"×"),
(41,"×"),
(42,"○"),
(43,"×"),
(44,"×"),
(45,"×"),
(46,"×"),
(47,"×"),
(48,"×"),
(49,"×"),
(50,"×"),
(51,"×"),
(52,"×"),
(53,"×"),
(54,"×"),
(55,"×"),
(56,"×"),
(57,"×"),
(58,"×"),
(59,"×"),
(60,"×"),
(61,"×"),
(62,"×"),
(63,"×"),
(64,"×"),
(65,"○"),
(66,"×"),
(67,"×"),
(68,"×"),
(69,"×"),
(70,"×"),
(71,"×"),
(72,"×"),
(73,"×"),
(74,"○"),
(75,"×"),
(76,"×"),
(77,"×"),
(78,"×"),
(79,"×"),
(80,"×"),
(81,"×"),
(82,"×"),
(83,"×"),
(84,"×"),
(85,"×"),
(86,"×"),
(87,"×"),
(88,"×"),
(89,"×"),
(90,"×"),
(91,"×"),
(92,"×"),
(93,"×"),
(94,"×"),
(95,"×"),
(96,"×"),
(97,"×"),
(98,"×"),
(99,"○"),
(100,"×"),
(101,"×"),
(102,"×"),
(103,"×"),
(104,"○"),
(105,"○"),
(106,"×"),
(107,"×"),
(108,"×"),
(109,"×"),
(110,"×"),
(111,"×"),
(112,"×"),
(113,"×"),
(114,"×"),
(115,"×"),
(116,"×"),
(117,"×"),
(118,"×"),
(119,"×"),
(120,"×"),
(121,"×"),
(122,"×"),
(123,"×"),
(124,"×"),
(125,"×"),
(126,"×"),
(127,"×"),
(128,"×"),
(129,"×"),
(130,"×"),
(131,"×"),
(132,"×"),
(133,"○"),
(134,"×"),
(135,"×"),
(136,"×"),
(137,"×"),
(138,"×"),
(139,"×"),
(140,"×"),
(141,"×"),
(142,"×"),
(143,"×"),
(144,"×"),
(145,"×"),
(146,"×"),
(147,"×"),
(148,"×"),
(149,"×"),
(150,"×"),
(151,"×"),
(152,"×"),
(153,"×"),
(154,"×"),
(155,"×"),
(156,"×"),
(157,"×"),
(158,"×"),
(159,"×"),
(160,"×"),
(161,"×"),
(162,"×"),
(163,"×"),
(164,"×"),
(165,"×"),
(166,"×"),
(167,"×"),
(168,"×"),
(169,"×"),
(170,"×"),
(171,"×"),
(172,"×"),
(173,"×"),
(174,"×"),
(175,"×"),
(176,"×"),
(177,"×"),
(178,"×"),
(179,"×"),
(180,"×"),
(181,"×"),
(182,"×"),
(183,"×"),
(184,"×"),
(185,"×"),
(186,"×"),
(187,"×"),
(188,"×"),
(189,"×"),
(190,"×"),
(191,"×"),
(192,"×"),
(193,"×"),
(194,"×"),
(195,"×"),
(196,"×"),
(197,"×"),
(198,"×"),
(199,"×"),
(200,"×"),
(201,"×"),
(202,"×"),
(203,"×"),
(204,"×"),
(205,"×"),
(206,"×"),
(207,"×"),
(208,"×"),
(209,"×"),
(210,"×"),
(211,"×"),
(212,"×"),
(213,"×"),
(214,"×"),
(215,"×"),
(216,"×"),
(217,"×"),
(218,"×"),
(219,"×"),
(220,"×"),
(221,"×"),
(222,"×"),
(223,"×"),
(224,"×"),
(225,"×"),
(226,"×"),
(227,"×"),
(228,"×"),
(229,"×"),
(230,"×"),
(231,"×"),
(232,"×"),
(233,"×"),
(234,"×"),
(235,"×"),
(236,"×"),
(237,"×"),
(238,"×"),
(239,"×"),
(240,"×"),
(241,"×"),
(242,"×"),
(243,"×"),
(244,"×"),
(245,"×"),
(246,"×"),
(247,"×"),
(248,"×"),
(249,"×"),
(250,"×"),
(251,"×"),
(252,"×"),
(253,"×"),
(254,"×"),
(255,"×"),
(256,"○"),
(257,"○"),
(258,"×"),
(259,"×"),
(260,"×"),
(261,"×"),
(262,"×"),
(263,"×"),
(264,"×"),
(265,"×"),
(266,"×"),
(267,"×"),
(268,"×"),
(269,"×"),
(270,"×"),
(271,"×"),
(272,"×"),
(273,"×"),
(274,"×"),
(275,"×"),
(276,"×"),
(277,"×"),
(278,"×"),
(279,"×"),
(280,"×"),
(281,"×"),
(282,"×"),
(283,"×"),
(284,"×"),
(285,"×"),
(286,"×"),
(287,"×"),
(288,"×"),
(289,"×"),
(290,"×"),
(291,"×"),
(292,"×"),
(293,"×"),
(294,"×"),
(295,"×"),
(296,"×"),
(297,"×"),
(298,"×"),
(299,"×"),
(300,"×"),
(301,"×"),
(302,"×"),
(303,"×");